Date,Open,High,Low,Close,Volume
10/10/2012,193,190,190,190,199
10/11/2012,190,187,181,181,743
10/15/2012,181,178,178,178,207
10/18/2012,178,176,176,176,31
11/6/2012,176,178,175,175,189
11/11/2012,175,175,175,175,107
11/26/2012,175,178,178,178,963
11/28/2012,178,176,176,176,31
12/13/2012,207,207,207,207,535
12/16/2012,207,200,200,200,500
12/18/2012,200,200,200,200,168
12/19/2012,200,201,201,201,1851
12/20/2012,201,200,200,200,76
1/6/2013,200,208,204,208,259
1/10/2013,208,204,204,204,502
1/13/2013,204,212,208,212,20
1/15/2013,212,220,216,220,1158
1/16/2013,220,224,224,224,510
1/17/2013,224,228,228,228,50
1/21/2013,228,235,232,235,411
1/22/2013,235,235,225,225,443
1/23/2013,225,225,225,225,153
1/24/2013,225,225,225,225,2130
1/27/2013,225,226,226,226,111
1/28/2013,226,230,230,230,30
2/4/2013,230,226,226,226,47
2/5/2013,226,222,216,216,715
2/6/2013,216,219,207,214,404
2/7/2013,214,220,216,220,181
2/10/2013,220,232,224,230,2465
2/12/2013,230,233,232,233,136
2/13/2013,233,236,232,232,272
2/14/2013,232,230,230,230,159
2/17/2013,230,234,234,234,124
2/19/2013,234,245,238,245,484
2/20/2013,245,241,237,237,224
2/21/2013,237,233,233,233,17
2/24/2013,233,229,225,225,32
2/25/2013,225,225,225,225,102
3/7/2013,225,226,226,226,227
3/11/2013,226,225,225,225,238
3/13/2013,225,225,224,225,552
3/14/2013,225,229,229,229,10
3/18/2013,229,226,226,226,77
3/19/2013,226,222,222,222,61
3/21/2013,222,226,226,226,49
3/31/2013,226,217,217,217,242
4/3/2013,217,220,220,220,402
4/11/2013,220,221,221,221,70
4/17/2013,221,229,221,221,388
4/18/2013,221,220,218,218,361
4/21/2013,218,222,222,222,11
4/22/2013,222,218,218,218,319
4/28/2013,218,215,214,214,115
5/7/2013,214,218,218,218,111
5/8/2013,218,222,222,222,276
5/9/2013,222,244,226,244,130
5/12/2013,244,268,248,268,678
5/13/2013,268,277,265,266,3021
5/16/2013,266,271,266,270,441
5/19/2013,270,270,270,270,386
5/20/2013,270,271,269,271,455
5/22/2013,271,271,271,271,74
5/23/2013,271,281,273,281,656
5/27/2013,281,286,286,286,99
6/10/2013,286,285,285,285,500
6/18/2013,285,280,280,280,2239
6/30/2013,280,275,275,275,35
7/1/2013,275,270,270,270,118
7/2/2013,270,270,265,265,880
7/3/2013,265,270,265,270,767
7/7/2013,270,276,271,276,485
7/8/2013,276,271,271,271,77
7/11/2013,271,275,275,275,134
7/15/2013,275,280,280,280,280
7/24/2013,280,285,280,285,187
7/31/2013,285,286,286,286,85
8/4/2013,286,295,291,295,816
8/5/2013,295,300,300,300,173
8/6/2013,300,306,300,306,981
8/8/2013,306,336,312,336,780
8/11/2013,336,369,342,369,933
8/13/2013,369,400,362,400,4333
8/14/2013,400,438,407,438,1578
8/15/2013,438,446,438,438,590
8/18/2013,438,430,430,430,36
8/19/2013,430,422,422,422,35
8/25/2013,422,414,409,409,44
8/26/2013,409,409,409,409,77
8/27/2013,409,417,417,417,241
8/29/2013,417,417,409,417,507
9/1/2013,417,425,425,425,201
9/2/2013,425,418,410,410,412
9/3/2013,410,429,415,429,480
9/4/2013,429,422,418,418,1348
9/5/2013,418,434,424,430,1279
9/8/2013,430,446,437,446,241
9/9/2013,446,490,454,475,2537
9/10/2013,475,489,480,480,1468
9/11/2013,480,476,467,467,2056
9/12/2013,467,482,474,482,1314
9/15/2013,482,473,473,473,83
9/17/2013,473,480,470,480,650
9/19/2013,480,471,470,470,2057
9/23/2013,470,461,452,452,110
9/24/2013,452,443,443,443,423
9/25/2013,443,445,440,445,249
9/29/2013,445,440,440,440,199
9/30/2013,440,435,435,435,227
10/1/2013,435,436,436,436,572
10/2/2013,436,444,442,444,451
10/3/2013,444,452,452,452,73
10/6/2013,452,470,455,470,602
10/7/2013,470,475,466,475,1149
10/9/2013,475,484,475,484,1315
10/10/2013,484,475,475,475,572
10/20/2013,475,484,480,483,1050
10/21/2013,483,483,483,483,85
10/22/2013,483,485,477,477,1497
10/23/2013,477,485,485,485,572
10/24/2013,485,477,477,477,71
10/28/2013,477,483,465,465,2536
10/29/2013,465,456,456,456,500
10/31/2013,456,465,465,465,22
11/6/2013,465,482,473,481,937
11/12/2013,481,499,485,499,312
11/13/2013,499,548,508,548,11456
11/14/2013,548,579,557,558,3521
11/21/2013,558,580,569,580,342
11/24/2013,580,602,591,600,2865
11/25/2013,600,636,612,636,752
11/26/2013,636,659,648,650,425
11/28/2013,650,637,625,625,1009
12/1/2013,625,654,615,654,1508
12/2/2013,654,673,660,673,157
12/3/2013,673,699,686,699,696
12/5/2013,699,752,710,752,909
12/8/2013,752,770,767,770,251
12/9/2013,770,755,717,717,2206
12/10/2013,717,731,715,717,532
12/11/2013,717,713,713,713,500
12/12/2013,713,729,713,715,968
12/15/2013,715,786,729,786,1237
12/16/2013,786,850,801,850,4575
12/18/2013,850,884,867,880,1764
12/19/2013,880,870,860,865,2388
12/22/2013,865,880,865,875,1674
1/12/2014,875,716,716,716,329
1/13/2014,716,725,725,725,74
1/14/2014,725,739,739,739,504
1/20/2014,739,739,739,739,37
1/22/2014,739,754,753,754,86
1/23/2014,754,769,769,769,30
1/26/2014,769,784,784,784,135
1/27/2014,784,799,799,799,104
1/28/2014,799,814,814,814,12
1/29/2014,814,814,814,814,1211
2/2/2014,814,846,814,846,83
2/3/2014,846,930,862,930,1000
2/4/2014,930,1023,948,1023,866
2/5/2014,1023,1043,1035,1042,1682
2/6/2014,1042,1046,1030,1045,766
2/9/2014,1045,1049,1044,1048,484
2/10/2014,1048,1054,1040,1054,1408
2/11/2014,1054,1042,1033,1040,1956
2/12/2014,1040,1055,1036,1036,1548
2/13/2014,1036,1045,1040,1040,569
2/16/2014,1040,1060,1015,1015,813
2/17/2014,1015,1010,1000,1000,400
2/18/2014,1000,1040,1000,1000,977
2/20/2014,1000,1020,1006,1020,126
2/24/2014,1020,1025,1020,1025,957
2/25/2014,1025,1045,1025,1025,71
3/5/2014,1025,1005,985,995,575
3/11/2014,995,976,976,976,32
3/12/2014,976,957,920,938,418
3/13/2014,938,920,870,870,709
3/17/2014,870,875,850,850,963
3/18/2014,850,833,820,820,488
3/19/2014,820,828,812,828,645
3/20/2014,828,841,809,841,441
3/23/2014,841,857,840,857,366
3/24/2014,857,891,874,891,137
3/25/2014,891,908,900,900,353
3/26/2014,900,910,890,910,594
3/27/2014,910,910,895,895,246
3/31/2014,895,895,880,895,206
4/1/2014,895,931,896,931,1034
4/2/2014,931,940,920,920,1172
4/3/2014,920,948,925,948,1004
4/6/2014,948,969,932,966,593
4/7/2014,966,1000,970,990,1702
4/9/2014,990,1015,990,1005,1199
4/10/2014,1005,1044,1010,1022,602
4/13/2014,1022,1055,1020,1020,953
4/16/2014,1020,1010,991,1010,335
4/17/2014,1010,1025,1010,1010,727
4/20/2014,1010,1009,990,1009,314
4/21/2014,1009,1040,1010,1040,7271
4/22/2014,1040,1060,1030,1060,3687
4/23/2014,1060,1089,1070,1070,1206
4/27/2014,1070,1100,1060,1080,2468
4/28/2014,1080,1091,1070,1085,419
4/29/2014,1085,1122,1090,1105,1324
4/30/2014,1105,1155,1105,1155,3645
5/4/2014,1155,1270,1178,1270,1666
5/5/2014,1270,1320,1270,1270,3039
5/6/2014,1270,1320,1260,1266,3925
5/7/2014,1266,1255,1241,1255,101
5/8/2014,1255,1250,1225,1230,1245
5/11/2014,1230,1225,1159,1159,477
5/12/2014,1159,1190,1162,1162,330
5/13/2014,1162,1171,1120,1120,3545
5/15/2014,1120,1107,1100,1105,973
5/18/2014,1105,1140,1101,1101,1796
5/19/2014,1101,1115,1093,1111,1653
5/20/2014,1111,1111,1105,1105,62
5/21/2014,1105,1125,1115,1115,830
5/22/2014,1115,1190,1137,1190,298
5/25/2014,1190,1237,1200,1210,1185
5/26/2014,1210,1190,1170,1190,1195
6/1/2014,1190,1167,1160,1160,358
6/2/2014,1160,1183,1161,1180,468
6/3/2014,1180,1170,1157,1170,457
6/4/2014,1170,1150,1066,1066,1543
6/5/2014,1066,1070,1031,1057,1581
6/8/2014,1057,1100,1078,1100,245
6/9/2014,1100,1140,1118,1118,766
6/10/2014,1118,1100,1100,1100,546
6/11/2014,1100,1134,1110,1134,1713
6/12/2014,1134,1145,1130,1130,347
6/16/2014,1130,1160,1150,1160,588
6/17/2014,1160,1137,1137,1137,118
6/18/2014,1137,1115,1115,1115,124
6/19/2014,1115,1116,1115,1116,187
6/23/2014,1116,1146,1111,1146,414
6/24/2014,1146,1169,1124,1169,445
6/25/2014,1169,1155,1145,1155,932
6/26/2014,1155,1155,1132,1150,342
6/29/2014,1150,1173,1150,1150,208
6/30/2014,1150,1203,1152,1203,1397
7/1/2014,1203,1310,1226,1310,1656
7/2/2014,1310,1336,1250,1250,3186
7/3/2014,1250,1270,1226,1226,678
7/6/2014,1226,1250,1225,1225,449
7/7/2014,1225,1249,1249,1249,51
7/8/2014,1249,1310,1260,1300,368
7/9/2014,1300,1290,1290,1290,125
7/10/2014,1290,1310,1310,1310,25
7/13/2014,1310,1300,1284,1300,417
7/14/2014,1300,1300,1275,1300,349
7/16/2014,1300,1330,1300,1300,2425
7/17/2014,1300,1325,1305,1310,519
7/20/2014,1310,1441,1336,1441,815
7/21/2014,1441,1585,1469,1585,4821
7/22/2014,1585,1580,1480,1514,1222
7/23/2014,1514,1544,1500,1544,2212
7/24/2014,1544,1601,1570,1601,91
7/28/2014,1601,1569,1569,1569,56
7/30/2014,1569,1540,1538,1538,111
7/31/2014,1538,1510,1485,1485,193
8/3/2014,1485,1460,1410,1425,762
8/4/2014,1425,1397,1350,1365,1185
8/5/2014,1365,1407,1370,1395,992
8/6/2014,1395,1534,1422,1534,3959
8/7/2014,1534,1601,1501,1601,2570
8/12/2014,1601,1664,1600,1621,3373
8/13/2014,1621,1625,1610,1625,3023
8/14/2014,1625,1625,1600,1600,2110
8/18/2014,1600,1620,1583,1583,977
8/19/2014,1583,1552,1530,1550,452
8/20/2014,1550,1535,1505,1505,2192
8/21/2014,1505,1480,1475,1480,842
8/24/2014,1480,1452,1422,1422,367
8/26/2014,1422,1405,1394,1394,146
8/27/2014,1394,1415,1400,1401,428
8/28/2014,1401,1429,1401,1405,683
8/31/2014,1405,1401,1365,1365,1286
9/3/2014,1365,1340,1310,1310,246
9/4/2014,1310,1284,1261,1261,305
9/7/2014,1261,1236,1188,1188,416
9/9/2014,1188,1221,1175,1197,563
9/10/2014,1197,1272,1200,1215,1891
9/11/2014,1215,1273,1201,1273,794
9/14/2014,1273,1298,1298,1298,300
9/15/2014,1298,1375,1323,1350,547
9/16/2014,1350,1445,1377,1425,1114
9/17/2014,1425,1482,1452,1452,1932
9/21/2014,1400,1398,1398,1398,63
9/22/2014,1398,1371,1370,1370,113
9/23/2014,1370,1366,1350,1350,888
9/24/2014,1350,1377,1377,1377,146
9/29/2014,1377,1432,1404,1430,1505
9/30/2014,1430,1420,1410,1410,268
10/8/2014,1410,1410,1390,1390,342
10/9/2014,1390,1368,1363,1363,695
10/13/2014,1363,1350,1340,1350,149
10/14/2014,1350,1370,1360,1360,215
10/15/2014,1360,1424,1365,1424,2080
10/16/2014,1424,1465,1440,1440,2193
10/19/2014,1440,1556,1468,1499,4585
10/20/2014,1499,1553,1490,1553,4881
10/21/2014,1553,1584,1550,1556,3136
10/22/2014,1556,1575,1550,1560,3401
10/26/2014,1560,1560,1560,1560,92
10/27/2014,1560,1573,1560,1565,749
10/28/2014,1565,1541,1520,1520,790
10/30/2014,1520,1549,1540,1549,180
11/2/2014,1549,1534,1520,1530,275
11/4/2014,1530,1500,1455,1455,491
11/5/2014,1455,1520,1484,1500,499
11/9/2014,1500,1500,1500,1500,898
11/10/2014,1500,1495,1460,1460,567
11/11/2014,1460,1520,1480,1520,764
11/12/2014,1520,1530,1490,1490,803
11/13/2014,1490,1490,1477,1490,285
11/16/2014,1490,1500,1500,1500,438
11/17/2014,1500,1480,1451,1451,276
11/18/2014,1451,1468,1420,1468,1157
11/19/2014,1468,1480,1470,1470,416
11/20/2014,1470,1500,1470,1480,687
11/23/2014,1480,1490,1440,1440,542
12/1/2014,1440,1520,1468,1520,461
12/2/2014,1520,1490,1478,1482,1782
12/3/2014,1482,1500,1480,1489,1501
12/4/2014,1489,1500,1480,1500,1906
12/7/2014,1500,1500,1490,1495,857
12/8/2014,1495,1483,1454,1458,1401
12/9/2014,1458,1495,1460,1490,1822
12/10/2014,1064,1043,1043,1043,30
12/11/2014,1043,1030,1030,1030,35
12/14/2014,1030,1062,1050,1062,89
12/15/2014,1062,1090,1075,1090,332
12/18/2014,1090,1090,1090,1090,57
12/23/2014,1090,1070,1070,1070,37
12/24/2014,1070,1144,1080,1144,671
12/28/2014,1144,1185,1140,1185,495
12/29/2014,1185,1208,1190,1208,132
12/31/2014,1208,1220,1220,1220,100
1/1/2015,1220,1233,1209,1209,356
1/4/2015,1209,1225,1225,1225,200
1/5/2015,1225,1298,1249,1277,2189
1/6/2015,1277,1300,1275,1300,97
1/7/2015,1300,1300,1275,1300,1212
1/8/2015,1300,1300,1300,1300,234
1/12/2015,1300,1320,1300,1300,464
1/13/2015,1300,1300,1299,1300,230
1/14/2015,1300,1310,1304,1310,282
1/19/2015,1310,1330,1310,1320,501
1/25/2015,1320,1320,1300,1300,264
1/27/2015,1300,1310,1310,1310,30
1/29/2015,1310,1310,1310,1310,402
2/4/2015,1310,1336,1320,1336,1355
2/8/2015,1336,1315,1315,1315,280
2/9/2015,1315,1344,1340,1344,585
2/10/2015,1344,1360,1335,1335,797
2/11/2015,1335,1330,1310,1313,3706
2/12/2015,1313,1359,1320,1359,3594
2/15/2015,1359,1385,1380,1380,412
2/16/2015,1380,1435,1380,1400,1326
2/19/2015,1400,1430,1350,1350,526
2/22/2015,1350,1350,1323,1323,1097
2/23/2015,1323,1332,1272,1332,1357
2/24/2015,1332,1310,1310,1310,315
2/25/2015,1310,1310,1300,1310,768
2/26/2015,1310,1290,1290,1290,311
3/1/2015,1330,1330,1330,1330,86
3/2/2015,1330,1340,1340,1340,205
3/4/2015,1340,1316,1316,1316,69
3/9/2015,1316,1340,1340,1340,167
3/10/2015,1340,1340,1330,1330,588
3/11/2015,1330,1325,1320,1325,565
3/12/2015,1325,1330,1320,1320,672
3/15/2015,1320,1325,1325,1325,131
3/16/2015,1325,1321,1300,1300,619
3/17/2015,1300,1305,1290,1295,1133
3/18/2015,1295,1300,1300,1300,500
3/19/2015,1300,1300,1285,1298,750
3/22/2015,1298,1273,1273,1273,88
3/23/2015,1273,1270,1261,1270,104
3/26/2015,1270,1290,1270,1290,369
3/29/2015,1290,1290,1290,1290,42
3/30/2015,1290,1265,1265,1265,533
3/31/2015,1265,1290,1241,1290,738
4/1/2015,1290,1265,1250,1250,611
4/2/2015,1250,1249,1225,1249,394
4/8/2015,1249,1251,1236,1236,272
4/9/2015,1236,1273,1240,1270,679
4/12/2015,1270,1270,1270,1270,130
4/13/2015,1270,1265,1246,1246,944
4/15/2015,1246,1242,1236,1236,494
4/16/2015,1236,1240,1225,1230,662
4/20/2015,1230,1206,1206,1206,175
4/23/2015,1196,1220,1200,1220,1729
5/26/2015,1220,1196,1098,1098,632
5/27/2015,1098,1077,1030,1031,828
5/28/2015,1031,1045,1011,1045,421
5/31/2015,1045,1107,1045,1107,593
6/1/2015,1107,1129,1088,1129,714
6/2/2015,1129,1129,1129,1129,100
6/3/2015,1129,1150,1150,1150,611
6/4/2015,1150,1180,1161,1180,75
6/8/2015,1180,1219,1196,1219,454
6/9/2015,1219,1243,1173,1174,1242
6/10/2015,1174,1197,1151,1174,2250
6/11/2015,1174,1153,1153,1153,10
6/14/2015,1153,1160,1160,1160,55
6/16/2015,1160,1170,1147,1147,1394
6/17/2015,1147,1150,1131,1150,340
6/18/2015,1150,1173,1170,1170,500
6/21/2015,1170,1200,1190,1200,351
6/22/2015,1190,1190,1151,1151,967
6/23/2015,1151,1160,1150,1150,1400
6/24/2015,1135,1149,1135,1145,1048
6/25/2015,1148,1170,1148,1170,689
6/28/2015,1165,1211,1165,1211,457
6/29/2015,1210,1230,1200,1230,1386
6/30/2015,1230,1254,1225,1250,866
7/1/2015,1270,1285,1265,1275,1502
7/2/2015,1271,1293,1265,1293,522
7/5/2015,1271,1271,1270,1270,303
7/6/2015,1260,1270,1250,1270,3632
7/7/2015,1287,1287,1230,1272,3156
7/8/2015,1280,1299,1280,1280,1210
7/9/2015,1290,1326,1285,1318,1668
7/12/2015,1344,1381,1344,1376,1588
7/13/2015,1374,1374,1350,1350,259
7/14/2015,1351,1360,1340,1350,971
7/15/2015,1350,1377,1350,1377,791
7/16/2015,1377,1401,1380,1401,2369
7/22/2015,1425,1515,1425,1515,2804
7/23/2015,1515,1545,1500,1545,5094
7/26/2015,1545,1575,1575,1575,311
7/27/2015,1575,1606,1570,1570,275
7/28/2015,1570,1550,1460,1460,690
7/29/2015,1460,1431,1380,1380,177
7/30/2015,1380,1435,1400,1435,356
8/2/2015,1435,1435,1435,1435,184
8/3/2015,1435,1448,1429,1429,383
8/4/2015,1429,1440,1425,1425,837
8/5/2015,1425,1427,1426,1426,310
8/6/2015,1426,1509,1426,1509,7816
8/9/2015,1509,1569,1539,1569,433
8/10/2015,1569,1625,1590,1625,976
8/11/2015,1625,1657,1620,1630,593
8/12/2015,1640,1640,1640,1640,153
8/16/2015,1608,1608,1608,1608,100
8/17/2015,1640,1640,1608,1615,650
8/18/2015,1625,1625,1620,1620,403
8/20/2015,1652,1685,1652,1685,150
8/23/2015,1700,1710,1700,1710,200
8/24/2015,1744,1785,1744,1785,510
8/25/2015,1750,1750,1740,1740,269
8/27/2015,1774,1774,1774,1774,50
8/31/2015,1809,1809,1809,1809,50
9/1/2015,1809,1881,1820,1881,120
9/2/2015,1844,1844,1808,1808,2000
9/7/2015,1808,1808,1805,1805,348
9/8/2015,1780,1780,1775,1775,150
9/9/2015,1760,1760,1760,1760,50
9/13/2015,1760,1760,1725,1725,371
9/14/2015,1759,1759,1730,1730,110
9/15/2015,1764,1764,1764,1764,20
9/16/2015,1799,1800,1790,1800,554
9/17/2015,1810,1846,1800,1846,873
9/22/2015,1810,1810,1740,1740,391
9/28/2015,1721,1725,1721,1725,260
9/29/2015,1759,1759,1759,1759,20
9/30/2015,1760,1775,1760,1775,97
10/1/2015,1740,1740,1740,1740,20
10/4/2015,1706,1740,1706,1740,70
10/5/2015,1710,1744,1710,1740,192
10/6/2015,1774,1881,1774,1881,98
10/7/2015,1918,1918,1895,1895,362
10/8/2015,1895,1895,1820,1820,891
10/14/2015,1856,1856,1784,1784,1343
10/19/2015,1819,1938,1810,1930,2532
10/25/2015,1930,1930,1930,1930,500
10/27/2015,1920,1922,1920,1920,554
10/28/2015,1899,1899,1899,1899,377
11/1/2015,1900,1900,1860,1860,347
11/2/2015,1897,1897,1850,1850,505
11/3/2015,1820,1820,1820,1820,55
11/4/2015,1820,1860,1820,1850,768
11/5/2015,1850,1881,1850,1875,525
11/8/2015,1850,1850,1825,1825,520
11/9/2015,1840,1880,1840,1880,607
11/10/2015,1865,1905,1860,1900,608
11/15/2015,1900,1900,1860,1860,472
11/16/2015,1880,1897,1880,1897,110
11/18/2015,1866,1930,1866,1893,1075
11/19/2015,1893,1893,1880,1880,542
11/22/2015,1866,1865,1830,1830,176
11/23/2015,1824,1825,1800,1800,542
11/24/2015,1809,1809,1800,1800,70
11/25/2015,1780,1785,1730,1730,290
11/26/2015,1700,1701,1680,1680,678
11/29/2015,1647,1650,1617,1620,433
11/30/2015,1652,1689,1650,1686,1790
12/1/2015,1689,1800,1722,1800,385
12/2/2015,1805,1867,1784,1867,5580
12/3/2015,1900,2014,1900,2010,2157
12/4/2015,2040,2095,1970,2095,5889
12/7/2015,2100,2115,2060,2100,3418
12/8/2015,2115,2155,2080,2150,8016
12/9/2015,1445,1589,1473,1570,5760
12/10/2015,1540,1550,1510,1516,990
12/13/2015,1520,1520,1500,1500,210
12/14/2015,1470,1470,1460,1460,427
12/15/2015,1435,1435,1410,1431,485
12/16/2015,1410,1410,1390,1400,1591
12/17/2015,1428,1428,1428,1428,250
12/20/2015,1428,1440,1440,1440,100
12/22/2015,1430,1430,1430,1430,25
12/23/2015,1430,1485,1450,1485,260
12/24/2015,1490,1510,1465,1465,1565
12/25/2015,1494,1523,1494,1515,756
12/28/2015,1515,1515,1500,1500,833
12/29/2015,1500,1579,1500,1579,1960
12/31/2015,1580,1604,1580,1604,1248
1/3/2016,1607,1672,1605,1655,2680
1/4/2016,1655,1690,1670,1688,996
1/5/2016,1655,1655,1625,1625,630
1/6/2016,1618,1618,1618,1618,436
1/7/2016,1601,1601,1590,1595,580
1/10/2016,1595,1590,1575,1590,500
1/11/2016,1600,1660,1599,1660,2174
1/12/2016,1660,1713,1658,1713,1387
1/13/2016,1713,1700,1679,1700,240
1/14/2016,1699,1699,1680,1680,650
1/17/2016,1713,1721,1710,1714,583
1/18/2016,1680,1700,1680,1700,262
1/19/2016,1700,1715,1700,1715,683
1/20/2016,1700,1720,1700,1720,466
1/21/2016,1720,1705,1700,1705,496
1/24/2016,1705,1840,1720,1840,1870
1/25/2016,1860,1876,1750,1780,3318
1/26/2016,1780,1800,1780,1790,1874
1/27/2016,1790,1790,1790,1790,100
1/28/2016,1755,1790,1750,1790,574
1/31/2016,1765,1800,1762,1790,5056
2/1/2016,1790,1856,1799,1805,1586
2/2/2016,1805,1860,1800,1839,1538
2/3/2016,1840,1938,1840,1938,6514
2/4/2016,1938,1975,1920,1920,1423
2/7/2016,1920,1890,1855,1855,337
2/8/2016,1855,1830,1820,1820,99
2/11/2016,1820,1790,1775,1775,410
2/14/2016,1740,1740,1700,1700,463
2/15/2016,1691,1724,1691,1720,415
2/16/2016,1724,1749,1725,1749,220
2/18/2016,1749,1730,1725,1730,1200
2/21/2016,1750,1760,1745,1760,895
2/22/2016,1750,1760,1750,1750,624
2/23/2016,1750,1760,1730,1760,788
2/24/2016,1735,1735,1676,1720,1283
2/25/2016,1700,1715,1700,1715,200
2/28/2016,1715,1718,1700,1715,869
2/29/2016,1715,1835,1749,1830,2411
3/1/2016,1866,1905,1865,1880,989
3/2/2016,1917,1917,1881,1900,670
3/3/2016,1938,1938,1880,1880,1262
3/6/2016,1885,1910,1860,1910,1382
3/10/2016,1948,1980,1945,1965,644
3/13/2016,1926,1926,1926,1926,94
3/15/2016,1888,1895,1888,1895,65
3/16/2016,1860,1860,1822,1822,376
3/17/2016,1830,1850,1820,1822,250
3/20/2016,1786,1835,1786,1835,1585
3/21/2016,1800,1810,1765,1810,474
3/23/2016,1800,1801,1791,1795,832
3/24/2016,1795,1825,1790,1825,1537
3/27/2016,1825,1800,1800,1800,50
3/28/2016,1800,1800,1795,1800,413
3/29/2016,1800,1819,1800,1819,580
3/30/2016,1819,1860,1823,1823,1129
3/31/2016,1823,1815,1815,1815,50
4/3/2016,1815,1780,1721,1750,4438
4/4/2016,1750,1810,1750,1810,150
4/5/2016,1790,1803,1785,1795,5234
4/6/2016,1794,1800,1762,1800,1062
4/10/2016,1800,1800,1788,1800,1532
4/11/2016,1800,1800,1800,1800,293
4/12/2016,1800,1779,1755,1755,2220
4/14/2016,1755,1835,1779,1834,1634
4/17/2016,1850,1850,1802,1820,973
4/18/2016,1820,1997,1855,1978,8067
4/19/2016,1978,1980,1940,1950,1085
4/20/2016,1950,1939,1920,1920,526
4/21/2016,1920,1901,1872,1889,1327
4/24/2016,1889,1874,1860,1874,1071
4/25/2016,1874,1910,1874,1910,2286
4/26/2016,1910,1925,1917,1917,867
4/27/2016,1917,2035,1910,2035,3294
4/28/2016,2035,2091,2010,2045,4983
5/2/2016,2045,2050,2000,2015,2343
5/3/2016,2015,2015,1949,1987,3720
5/4/2016,1987,1997,1980,1980,3154
5/5/2016,1980,1983,1941,1975,1905
5/8/2016,1975,1950,1950,1950,30
5/9/2016,1960,2000,1956,2000,2184
5/10/2016,2040,2045,1990,1990,543
5/11/2016,1990,1999,1999,1999,53
5/12/2016,1970,1970,1970,1970,82
5/15/2016,1945,1969,1945,1969,2038
5/16/2016,1969,1960,1960,1960,138
5/17/2016,1930,1975,1930,1975,1101
5/18/2016,1975,1995,1975,1975,842
5/19/2016,1975,2000,1980,1990,612
5/22/2016,1990,2050,2000,2010,1383
5/23/2016,2010,2048,1931,2048,340
5/24/2016,2048,2091,2021,2091,2669
5/25/2016,2091,2174,2061,2090,3025
5/26/2016,2090,2142,2050,2142,3388
5/29/2016,2142,2152,2110,2152,1293
5/30/2016,2152,2150,2090,2130,2824
5/31/2016,2130,2130,2100,2125,855
6/1/2016,2125,2155,2110,2130,3415
6/2/2016,2130,2102,2090,2102,621
6/5/2016,2102,2060,2000,2000,464
6/6/2016,2000,2040,2020,2021,667
6/7/2016,2030,2068,2030,2030,991
6/8/2016,2030,2075,2050,2075,897
6/9/2016,2100,2100,2094,2094,386
6/12/2016,2095,2184,2130,2160,829
6/13/2016,2160,2376,2189,2329,4896
6/14/2016,2375,2375,2285,2286,2489
6/15/2016,2300,2300,2268,2269,537
6/16/2016,2269,2300,2240,2240,726
6/19/2016,2240,2269,2213,2230,1757
6/20/2016,2230,2235,2200,2235,1184
6/21/2016,2235,2205,2190,2200,800
6/22/2016,2180,2300,2165,2300,2145
6/23/2016,2300,2300,2280,2300,2002
6/26/2016,2300,2345,2299,2300,1653
6/27/2016,2300,2346,2260,2300,2777
6/28/2016,2300,2346,2300,2340,734
6/29/2016,2340,2350,2322,2322,3033
6/30/2016,2322,2450,2350,2450,5014
7/3/2016,2450,2662,2451,2662,9905
7/4/2016,2662,2680,2513,2652,4745
7/5/2016,2600,2600,2450,2525,2996
7/6/2016,2510,2510,2460,2460,350
7/10/2016,2460,2509,2410,2410,4017
7/11/2016,2410,2410,2328,2380,919
7/12/2016,2380,2350,2305,2350,2473
7/13/2016,2350,2305,2270,2300,908
7/14/2016,2340,2420,2300,2420,2698
7/19/2016,2372,2372,2178,2178,380
7/20/2016,2135,2135,1975,2020,5397
7/21/2016,2020,2110,1980,2110,3154
7/25/2016,2110,2160,2080,2160,976
7/26/2016,2160,2205,2160,2200,279
7/27/2016,2200,2274,2230,2230,911
7/28/2016,2230,2280,2230,2230,1635
7/31/2016,2230,2274,2200,2250,2063
8/1/2016,2250,2250,2190,2190,2490
8/2/2016,2190,2190,2150,2151,873
8/3/2016,2151,2150,2110,2125,591
8/4/2016,2125,2100,2080,2080,1351
8/7/2016,2080,2260,2121,2160,2677
8/8/2016,2160,2120,2080,2080,300
8/10/2016,2121,2163,2100,2140,3371
8/11/2016,2142,2142,2106,2112,777
8/14/2016,2075,2100,2070,2095,1500
8/15/2016,2029,2029,2010,2010,215
8/16/2016,2050,2060,2050,2060,324
8/17/2016,2019,2100,2019,2065,1313
8/21/2016,2030,2040,2026,2030,428
8/22/2016,2000,2000,1960,1960,991
8/23/2016,1921,2000,1921,1975,1097
8/24/2016,1940,2054,1940,2054,882
8/28/2016,2054,2054,2054,2054,89
8/29/2016,2079,2206,2079,2200,560
8/30/2016,2200,2200,2161,2198,882
8/31/2016,2165,2170,2160,2170,150
9/1/2016,2165,2195,2165,2195,667
9/4/2016,2178,2185,2178,2185,1188
9/5/2016,2228,2228,2190,2200,461
9/6/2016,2200,2240,2175,2190,5592
9/7/2016,2170,2170,2170,2170,100
9/8/2016,2180,2180,2133,2150,999
9/11/2016,2150,2160,2121,2124,2805
9/12/2016,2166,2166,2166,2166,10
9/14/2016,2170,2170,2150,2150,180
9/18/2016,2180,2300,2156,2300,3685
9/20/2016,2320,2320,2210,2250,2626
9/21/2016,2220,2280,2210,2280,1952
9/22/2016,2255,2280,2250,2254,2664
9/25/2016,2255,2280,2250,2254,2664
9/26/2016,2121,2140,2101,2101,1121
9/27/2016,2080,2110,2060,2070,1715
9/28/2016,2040,2130,2040,2130,922
9/29/2016,2088,2088,1917,1917,1512
10/2/2016,1879,1879,1740,1740,1855
10/3/2016,1740,1774,1740,1769,467
10/4/2016,1740,1750,1726,1750,1090
10/5/2016,1785,1785,1785,1785,44
10/18/2016,1785,1785,1751,1751,166
10/19/2016,1730,1730,1695,1697,869
10/20/2016,1665,1740,1665,1725,911
10/23/2016,1750,1759,1750,1759,291
10/25/2016,1730,1730,1730,1730,50
10/26/2016,1700,1700,1700,1700,38
10/27/2016,1700,1700,1700,1700,27
11/3/2016,1705,1805,1700,1769,1493
11/7/2016,1804,1840,1768,1790,756
11/8/2016,1780,1780,1730,1730,1247
11/9/2016,1697,1710,1690,1690,1048
11/10/2016,1723,1847,1723,1804,2532
11/13/2016,1805,1831,1780,1831,2339
11/14/2016,1830,1835,1790,1800,2258
11/15/2016,1500,1570,1500,1540,1172
11/16/2016,1513,1525,1510,1525,545
11/17/2016,1524,1524,1450,1470,781
11/20/2016,1441,1450,1385,1385,1058
11/21/2016,1400,1400,1360,1375,659
11/22/2016,1400,1410,1395,1395,660
11/23/2016,1422,1422,1360,1360,889
11/24/2016,1360,1370,1330,1330,1057
11/27/2016,1304,1304,1250,1255,869
11/28/2016,1230,1294,1152,1294,789
11/29/2016,1319,1423,1319,1423,1455
11/30/2016,1451,1485,1440,1440,1296
12/1/2016,1426,1470,1420,1448,5292
12/4/2016,1420,1420,1390,1392,913
12/5/2016,1363,1370,1350,1360,1516
12/6/2016,1380,1405,1375,1400,579
12/7/2016,1389,1399,1372,1395,3210
12/8/2016,1376,1376,1376,1376,20
12/11/2016,1360,1370,1350,1355,1395
12/12/2016,1328,1330,1302,1302,808
12/15/2016,1328,1360,1328,1360,400
12/18/2016,1340,1345,1335,1345,1000
12/19/2016,1330,1330,1282,1305,1340
12/20/2016,1305,1310,1300,1302,1076
12/21/2016,1300,1330,1300,1304,550
12/22/2016,1300,1326,1300,1326,400
12/26/2016,1300,1300,1225,1225,1129
12/27/2016,1225,1240,1225,1240,280
12/29/2016,1240,1264,1240,1264,200
1/1/2017,1270,1270,1240,1260,3780
1/2/2017,1285,1310,1250,1295,5110
1/3/2017,1270,1270,1236,1236,1229
1/4/2017,1217,1241,1217,1241,550
1/5/2017,1265,1270,1264,1264,241
1/8/2017,1255,1270,1245,1270,630
1/9/2017,1285,1310,1285,1305,560
1/10/2017,1300,1335,1300,1335,450
1/11/2017,1312,1312,1308,1308,220
1/12/2017,1310,1310,1285,1290,170
1/16/2017,1285,1285,1260,1261,350
1/17/2017,1260,1314,1260,1314,401
1/18/2017,1340,1340,1300,1301,481
1/19/2017,1300,1300,1280,1280,59
1/22/2017,1265,1279,1265,1279,297
1/23/2017,1260,1260,1260,1260,338
1/24/2017,1250,1250,1218,1240,3798
1/25/2017,1220,1220,1216,1220,490
1/26/2017,1200,1240,1157,1205,1017
1/31/2017,1181,1181,1181,1181,19
2/1/2017,1200,1248,1189,1240,520
2/2/2017,1224,1224,1200,1224,955
2/5/2017,1200,1220,1196,1196,176
2/6/2017,1175,1215,1175,1210,993
2/8/2017,1234,1234,1190,1234,996
2/9/2017,1258,1283,1190,1190,2318
2/12/2017,1190,1190,1130,1157,1268
2/13/2017,1134,1156,1134,1140,1076
2/14/2017,1140,1185,1140,1146,2317
2/15/2017,1168,1213,1168,1211,1159
2/16/2017,1235,1259,1225,1240,1610
2/19/2017,1251,1301,1250,1301,2919
2/20/2017,1327,1353,1255,1255,5036
2/21/2017,1250,1275,1250,1251,1693
2/22/2017,1227,1290,1204,1275,1170
2/23/2017,1250,1270,1250,1255,1294
2/26/2017,1250,1255,1207,1217,1494
2/28/2017,1200,1232,1160,1232,4191
3/1/2017,1240,1240,1220,1239,1191
3/2/2017,1240,1245,1217,1243,1348
3/5/2017,1267,1317,1267,1299,1184
3/6/2017,1319,1319,1260,1290,2452
3/7/2017,1270,1270,1260,1260,830
3/9/2017,1245,1290,1236,1289,1024
3/13/2017,1265,1310,1265,1295,409
3/14/2017,1315,1315,1285,1295,2386
3/15/2017,1275,1300,1275,1300,1006
3/16/2017,1319,1319,1300,1300,1586
3/19/2017,1300,1349,1300,1349,1485
3/20/2017,1351,1419,1340,1400,4260
3/21/2017,1375,1525,1350,1520,5090
3/22/2017,1550,1632,1491,1515,11589
3/23/2017,1515,1545,1470,1510,5068
3/26/2017,1520,1589,1520,1581,3882
3/28/2017,1581,1730,1612,1730,9213
3/29/2017,1730,1764,1650,1670,6554
3/30/2017,1670,1701,1605,1675,2991
4/2/2017,1708,1790,1700,1790,4444
4/3/2017,1825,1934,1670,1703,5500
4/4/2017,1669,1735,1669,1725,3089
4/6/2017,1725,1720,1661,1715,5635
4/9/2017,1701,1782,1701,1750,3381
4/10/2017,1785,1925,1764,1889,18353
4/11/2017,1865,1980,1865,1977,8834
4/12/2017,2019,2153,1980,1980,13573
4/13/2017,1975,2078,1938,2015,6661
4/16/2017,1975,2050,1940,1945,12356
4/18/2017,1907,1937,1800,1890,9514
4/19/2017,1890,1989,1861,1989,2364
4/20/2017,2028,2028,1931,1938,6061
4/23/2017,1976,2020,1976,2010,6734
4/24/2017,1990,2040,1961,1990,4533
4/25/2017,2000,2050,1990,1992,2720
4/26/2017,1999,2023,1998,2001,6369
4/27/2017,2000,2035,1975,2035,4427
4/30/2017,1995,2030,1970,1976,3699
5/2/2017,1985,2030,1984,1995,3919
5/3/2017,2029,2115,2020,2025,8290
5/4/2017,2027,2035,2015,2029,3732
5/7/2017,2000,2001,1971,1972,2634
5/8/2017,2010,2010,1980,2000,2384
5/9/2017,2000,2010,1990,1990,1284
5/11/2017,2029,2029,2000,2007,701
5/15/2017,2001,2035,2001,2020,256
5/16/2017,2020,2020,2000,2000,2564
5/17/2017,2000,2019,1995,1995,1490
5/18/2017,1995,2001,1980,1980,1358
5/21/2017,1980,1990,1966,1990,690
5/22/2017,1951,1954,1951,1954,98
5/23/2017,1993,1993,1990,1990,510
5/24/2017,1990,1998,1967,1998,2811
5/28/2017,1999,1999,1970,1981,2098
5/30/2017,1955,1990,1955,1990,1310
5/31/2017,1990,1988,1953,1980,6437
6/1/2017,2000,2000,1970,1970,1784
6/4/2017,1985,1985,1965,1965,300
6/5/2017,1980,1982,1950,1982,5028
6/6/2017,2000,2040,1999,2040,7378
6/7/2017,2030,2030,1991,1991,1860
6/8/2017,2000,2010,1973,1973,2905
6/11/2017,1942,1985,1942,1962,2736
6/12/2017,1965,1980,1945,1970,1787
6/13/2017,1980,1980,1952,1953,811
6/14/2017,1953,1969,1951,1962,961
6/15/2017,1931,1980,1930,1970,737
6/18/2017,1980,1965,1939,1939,608
6/19/2017,1977,1977,1919,1922,1709
6/20/2017,1925,1940,1890,1901,3023
6/21/2017,1861,1929,1861,1929,895
6/22/2017,1929,1979,1929,1965,2687
6/25/2017,1965,1967,1950,1950,860
6/27/2017,1965,1975,1960,1975,527
6/28/2017,1970,1975,1951,1951,710
7/2/2017,1915,1940,1902,1920,1119
7/3/2017,1945,1950,1920,1920,950
7/4/2017,1925,1930,1925,1925,460
7/5/2017,1930,1930,1930,1930,100
7/6/2017,1945,2050,1945,2045,9147
7/9/2017,2045,2084,1943,2000,4790
7/10/2017,1990,1990,1973,1973,362
7/11/2017,1960,2010,1960,1995,1328
7/12/2017,2000,2000,1951,1985,848
7/13/2017,1951,1999,1951,1970,814
7/16/2017,1957,1996,1957,1995,1658
7/17/2017,1980,2078,1975,2075,3987
7/18/2017,2115,2131,2073,2110,11298
7/19/2017,2070,2150,2070,2110,3956
7/20/2017,2100,2100,2075,2099,6998
7/23/2017,2095,2100,2081,2081,1842
7/24/2017,2082,2105,2082,2100,3784
7/25/2017,2101,2101,2090,2100,1424
7/26/2017,2090,2112,2090,2110,2420
7/27/2017,2113,2189,2100,2130,3719
7/30/2017,2130,2199,2115,2197,5285
7/31/2017,2224,2224,2150,2180,3808
8/1/2017,2175,2198,2146,2171,2889
8/2/2017,2210,2237,2190,2230,6669
8/3/2017,2230,2220,2190,2190,1219
8/6/2017,2191,2199,2161,2198,1198
8/7/2017,2210,2210,2160,2166,465
8/9/2017,2171,2171,2159,2160,1530
8/10/2017,2160,2195,2130,2130,1351
8/13/2017,2172,2215,2130,2135,5359
8/15/2017,2135,2135,2101,2115,3033
8/16/2017,2090,2193,2090,2193,3112
8/17/2017,2185,2185,2156,2184,598
8/20/2017,2165,2175,2140,2160,10038
8/21/2017,2150,2150,2117,2118,683
8/22/2017,2090,2157,2075,2130,1735
8/23/2017,2150,2150,2120,2135,1060
8/24/2017,2120,2130,2120,2122,345
8/27/2017,2122,2160,2130,2140,5218
8/28/2017,2145,2193,2145,2186,4308
8/30/2017,2186,2230,2200,2223,11018
8/31/2017,2223,2320,2230,2320,12675
9/4/2017,2275,2340,2249,2274,9191
9/6/2017,2318,2350,2276,2333,12484
9/7/2017,2350,2433,2350,2388,17616
9/10/2017,2435,2626,2435,2495,43053
9/11/2017,2500,2500,2460,2475,12334
9/12/2017,2473,2473,2385,2400,3900
9/13/2017,2405,2435,2350,2390,4701
9/14/2017,2390,2419,2360,2405,4464
9/17/2017,2420,2421,2390,2397,5735
9/18/2017,2400,2405,2380,2385,5390
9/20/2017,2395,2400,2390,2393,1820
9/24/2017,2390,2410,2390,2395,2078
9/25/2017,2390,2400,2387,2400,2307
9/26/2017,2410,2420,2410,2420,1206
10/3/2017,2425,2425,2425,2425,200
10/4/2017,2411,2425,2411,2415,1574
10/8/2017,2371,2371,2300,2360,1801
10/9/2017,2341,2374,2340,2358,2644
10/10/2017,2356,2365,2350,2350,1160
10/11/2017,2360,2360,2320,2327,3069
10/12/2017,2330,2350,2330,2345,724
10/15/2017,2350,2365,2345,2353,1519
10/16/2017,2390,2397,2385,2390,477
10/17/2017,2400,2400,2380,2400,1120
10/18/2017,2400,2400,2395,2400,715
10/22/2017,2430,2440,2398,2400,1272
10/23/2017,2400,2400,2375,2375,407
10/24/2017,2375,2397,2340,2397,813
10/25/2017,2395,2395,2360,2365,295
10/29/2017,2369,2370,2323,2351,1153
10/30/2017,2345,2345,2300,2310,6005
10/31/2017,2305,2320,2305,2318,1153
11/1/2017,2300,2309,2295,2309,790
11/2/2017,2309,2310,2305,2305,948
11/5/2017,2315,2315,2255,2270,4018
11/6/2017,2270,2345,2270,2290,931
11/7/2017,2290,2290,2275,2280,370
11/8/2017,2280,2299,2266,2299,848
11/9/2017,2300,2300,2254,2263,1184
11/12/2017,2262,2285,2275,2275,510
11/13/2017,2275,2300,2245,2280,2446
11/14/2017,2325,2371,2300,2330,632
11/15/2017,2330,2330,2288,2288,2132
11/16/2017,2328,2328,2275,2275,573
11/19/2017,2275,2268,2255,2255,560
11/20/2017,2250,2250,2224,2225,3513
11/21/2017,2211,2255,2211,2249,780
11/22/2017,2255,2258,2250,2252,570
11/23/2017,2250,2289,2270,2289,130
11/26/2017,2289,2299,2280,2280,1045
11/27/2017,2285,2289,2253,2260,1879
11/28/2017,2260,2273,2260,2273,2120
11/29/2017,2290,2330,2290,2330,4330
11/30/2017,2332,2335,2325,2328,738
12/4/2017,2315,2315,2290,2292,1170
12/5/2017,2295,2300,2295,2300,480
12/6/2017,2289,2329,2289,2329,2298
12/10/2017,2345,2345,2300,2300,1965
12/11/2017,2301,2314,2296,2300,3245
12/12/2017,2286,2288,2275,2280,1691
12/13/2017,2300,2300,2300,2300,40
12/14/2017,2300,2300,2300,2300,100
12/17/2017,2299,2299,2260,2260,600
12/18/2017,2300,2304,2275,2299,3016
12/19/2017,2260,2297,2256,2297,560
12/20/2017,2297,2297,2252,2261,1542
12/21/2017,2302,2302,2231,2232,1951
12/24/2017,2250,2295,2220,2220,4717
12/26/2017,2200,2200,2150,2150,2339
12/27/2017,2112,2115,2085,2086,2742
12/28/2017,2075,2135,2060,2104,2985
12/31/2017,1262,1260,1187,1187,1796
1/1/2018,1210,1235,1186,1234,1504
1/2/2018,1240,1270,1234,1260,4480
1/3/2018,1283,1283,1230,1230,2885
1/4/2018,1230,1250,1212,1245,746
1/7/2018,1269,1275,1265,1269,628
1/8/2018,1290,1290,1270,1274,944
1/9/2018,1274,1285,1261,1283,2300
1/10/2018,1262,1270,1260,1265,1504
1/14/2018,1250,1250,1240,1243,791
1/16/2018,1243,1243,1200,1224,370
1/17/2018,1235,1240,1225,1238,632
1/21/2018,1238,1238,1200,1200,1969
1/22/2018,1200,1200,1165,1173,3040
1/23/2018,1155,1155,1140,1145,2334
1/24/2018,1145,1145,1141,1141,130
1/25/2018,1163,1163,1163,1163,100
1/28/2018,1175,1204,1170,1192,1689
1/29/2018,1215,1215,1176,1178,1630
1/31/2018,1199,1200,1180,1189,1979
2/1/2018,1190,1192,1175,1188,5625
2/4/2018,1200,1200,1185,1190,1634
2/5/2018,1180,1185,1180,1180,368
2/6/2018,1175,1199,1175,1176,617
2/7/2018,1195,1195,1175,1183,423
2/8/2018,1190,1190,1180,1180,460
2/11/2018,1175,1193,1170,1178,953
2/12/2018,1180,1185,1180,1183,986
2/14/2018,1180,1184,1176,1183,1084
2/15/2018,1200,1224,1190,1213,2083
2/18/2018,1213,1260,1213,1213,2830
2/20/2018,1210,1210,1190,1192,975
2/21/2018,1190,1196,1176,1190,318
2/22/2018,1180,1180,1177,1177,1335
2/25/2018,1185,1190,1180,1180,213
2/26/2018,1182,1200,1182,1184,563
2/27/2018,1169,1169,1144,1168,950
2/28/2018,1155,1155,1133,1140,939
3/4/2018,1120,1120,1085,1105,2961
3/5/2018,1100,1120,1091,1092,995
3/6/2018,1076,1118,1075,1096,1054
3/7/2018,1134,1138,1125,1138,650
3/11/2018,1138,1122,1100,1122,950
3/12/2018,1122,1122,1100,1100,675
3/13/2018,1100,1100,1070,1070,903
3/14/2018,1077,1077,1065,1065,407
3/15/2018,1045,1065,1042,1065,720
3/18/2018,1065,1070,1062,1070,620
3/19/2018,1084,1084,1065,1065,350
3/20/2018,1065,1067,1047,1063,775
3/21/2018,1045,1045,995,1000,3175
3/22/2018,980,1013,952,975,1225
3/26/2018,956,960,919,919,2581
3/27/2018,920,938,888,938,815
3/28/2018,935,944,919,939,2180
3/29/2018,940,950,940,940,1870
4/1/2018,925,940,922,940,269
4/2/2018,940,940,940,940,50
4/3/2018,940,940,920,920,1160
4/4/2018,938,945,938,945,2205
4/5/2018,961,982,950,975,4648
4/8/2018,988,1072,981,1072,6730
4/9/2018,1093,1110,1073,1090,3921
4/10/2018,1070,1109,1030,1065,3247
4/11/2018,1050,1065,1045,1045,955
4/12/2018,1045,1086,1045,1057,1914
4/15/2018,1056,1089,1050,1089,745
4/16/2018,1069,1135,1069,1124,3165
4/17/2018,1124,1236,1125,1219,4358
4/18/2018,1243,1267,1220,1230,4308
4/19/2018,1250,1253,1226,1226,2049
4/22/2018,1226,1300,1230,1300,2232
4/23/2018,1326,1379,1255,1275,5108
4/24/2018,1275,1290,1250,1265,1231
4/25/2018,1240,1240,1220,1224,2108
4/26/2018,1225,1225,1179,1179,1525
4/29/2018,1202,1225,1184,1184,804
5/2/2018,1184,1220,1140,1220,1654
5/3/2018,1220,1244,1212,1232,2313
5/6/2018,1241,1241,1232,1232,1430
5/7/2018,1210,1225,1210,1225,532
5/8/2018,1230,1238,1182,1238,765
5/9/2018,1238,1230,1214,1230,700
5/10/2018,1230,1253,1210,1210,1081
5/14/2018,1201,1201,1196,1196,938
5/15/2018,1200,1209,1190,1190,400
5/16/2018,1200,1208,1200,1201,1234
5/17/2018,1201,1210,1186,1210,1387
5/20/2018,1206,1212,1203,1203,2470
5/21/2018,1205,1214,1205,1210,861
5/22/2018,1205,1220,1205,1220,120
5/23/2018,1210,1210,1195,1205,580
5/24/2018,1205,1186,1185,1185,608
5/27/2018,1185,1185,1175,1175,193
5/28/2018,1175,1200,1155,1200,680
5/29/2018,1200,1205,1200,1200,195
5/30/2018,1224,1230,1222,1224,420
5/31/2018,1200,1201,1200,1201,60
6/3/2018,1177,1177,1177,1177,10
6/4/2018,1168,1180,1137,1137,850
6/6/2018,1159,1205,1159,1165,440
6/7/2018,1165,1165,1150,1150,520
6/10/2018,1130,1130,1130,1130,50
6/11/2018,1110,1150,1108,1150,420
6/12/2018,1135,1150,1120,1125,923
6/13/2018,1100,1144,1100,1123,1041
6/14/2018,1131,1152,1130,1131,210
6/17/2018,1126,1126,1110,1110,380
6/18/2018,1100,1115,1100,1110,1000
6/19/2018,1116,1116,1116,1116,10
6/20/2018,1125,1140,1115,1115,180
6/21/2018,1095,1115,1090,1110,450
6/24/2018,1115,1115,1101,1101,30
6/25/2018,1100,1100,1095,1095,757
6/26/2018,1095,1095,1078,1080,1723
6/27/2018,1059,1078,1050,1060,924
6/28/2018,1060,1081,1060,1080,100
7/1/2018,970,989,970,989,845
7/2/2018,972,987,968,971,605
7/3/2018,1040,1040,980,986,2562
7/4/2018,995,1000,986,986,1913
7/5/2018,1005,1030,995,1030,7005
7/8/2018,1050,1050,1031,1037,2382
7/9/2018,1017,1030,1000,1020,1256
7/10/2018,1021,1021,1003,1005,906
7/11/2018,1020,1045,1017,1017,1435
7/12/2018,1035,1036,1011,1018,2216
7/15/2018,1018,1030,1010,1010,422
7/16/2018,1005,1024,1000,1024,1205
7/17/2018,1018,1018,1012,1015,205
7/18/2018,1000,1002,1000,1000,157
7/19/2018,995,1000,991,999,703
7/22/2018,980,997,980,987,783
7/23/2018,1000,1001,985,993,1271
7/24/2018,995,1009,986,986,2075
7/25/2018,999,1004,985,989,1171
7/26/2018,995,995,980,981,475
7/29/2018,985,985,970,975,514
7/30/2018,983,983,976,983,1181
7/31/2018,964,972,964,970,512
8/1/2018,970,989,970,989,845
8/2/2018,972,987,968,971,605
8/5/2018,967,970,966,970,571
8/6/2018,970,984,965,965,2352
8/7/2018,957,960,956,960,248
8/8/2018,970,975,960,975,188
8/9/2018,965,966,960,961,2201
8/12/2018,950,950,923,935,899
8/13/2018,940,952,935,940,1165
8/14/2018,940,969,940,969,1727
8/15/2018,968,986,965,986,1066
8/16/2018,988,988,965,980,1529
8/19/2018,968,968,961,961,2590
8/20/2018,950,950,946,950,255
8/21/2018,940,941,940,940,344
8/22/2018,945,950,941,941,181
8/23/2018,930,930,927,927,263
8/26/2018,927,945,927,940,397
8/28/2018,957,957,943,952,61
8/29/2018,946,947,940,942,955
8/30/2018,941,949,940,943,275
9/2/2018,945,961,945,961,932
9/3/2018,980,980,960,975,499
9/4/2018,975,975,962,962,842
9/5/2018,957,981,955,981,1043
9/6/2018,1000,991,962,962,777
9/9/2018,960,960,950,950,120
9/10/2018,945,945,935,935,1135
9/11/2018,953,960,950,950,1415
9/12/2018,955,979,955,965,344
9/13/2018,984,985,970,970,1334
9/16/2018,989,990,975,975,1261
9/17/2018,974,988,973,988,1413
9/18/2018,1007,1006,996,1003,1346
9/20/2018,1000,1006,1000,1005,426
9/23/2018,1020,1020,990,990,645
9/25/2018,1009,1013,1000,1000,860
9/26/2018,1005,1014,985,1000,1083
9/27/2018,1000,1000,986,988,977
9/30/2018,1020,1035,1015,1023,4844
10/1/2018,1026,1026,1010,1010,2462
10/2/2018,1012,1015,990,1000,609
10/3/2018,990,999,990,999,901
10/4/2018,990,992,980,990,1146
10/7/2018,973,973,971,971,200
10/9/2018,966,969,940,969,2154
10/10/2018,965,965,963,963,330
10/11/2018,963,970,958,970,2285
10/14/2018,980,983,967,967,2555
10/15/2018,984,984,961,961,1120
10/21/2018,962,970,960,960,280
10/23/2018,965,965,960,960,110
10/24/2018,960,960,958,958,530
10/25/2018,965,965,955,955,250
10/28/2018,955,956,955,956,100
10/29/2018,954,955,940,950,1185
10/30/2018,950,950,938,938,190
10/31/2018,940,940,932,932,379
11/1/2018,940,940,932,939,375
11/4/2018,945,945,927,927,60
11/5/2018,928,928,926,927,425
11/15/2018,950,969,950,950,335
11/18/2018,950,950,948,950,430
11/19/2018,950,987,950,968,1671
11/20/2018,968,988,956,956,2942
11/21/2018,960,970,960,964,1361
11/22/2018,965,975,961,975,2352
11/25/2018,975,990,959,959,2468
11/26/2018,959,965,950,950,12911
11/27/2018,950.09,950.09,750,765,5290
11/28/2018,765,765,726,726,2358
11/29/2018,726,740,716,716,1114
12/2/2018,716.86,716.86,703,705,744
12/3/2018,705,730,701,701,582
12/4/2018,701,710,698,700,535
12/6/2018,690,700,686,690,492
12/9/2018,690,691,690,690,431
12/10/2018,690,715,690,705,2855
12/11/2018,705,705,695,700,5941
12/12/2018,700,700,686,690,3520
12/13/2018,690,710,690,700,3155
12/16/2018,700,714,700,712,310
12/17/2018,712,720,700,700,6150
12/18/2018,700,713,700,700,5372
12/19/2018,700,705,700,705,340
12/20/2018,705,725,696,708,5760
12/23/2018,708,734,708,734,2942
12/24/2018,734,761,732,732,1126
12/25/2018,732,732,718,719,680
12/26/2018,719,740,719,739,2193
12/27/2018,739,782,739,753,5589
12/30/2018,753,768,743,756,910
12/31/2018,756,760,727,727,975
1/1/2019,727,732,722,730,633
1/2/2019,730,765,730,765,963
1/3/2019,765,769,750,769,2405
1/6/2019,769,770,748,748,1086
1/8/2019,748,766,748,766,2101
1/9/2019,766,768,755,768,677
1/10/2019,768,770,760,770,1190
1/13/2019,770,771,755,760,953
1/14/2019,760,775,760,765,470
1/15/2019,765,780,765,780,1896
1/16/2019,780,789,776,783,1090
1/17/2019,783,785,780,780,210
1/20/2019,780,780,780,780,270
1/21/2019,780,780,753,753,850
1/22/2019,753,765,753,760,386
1/23/2019,760,794,760,790,6600
1/27/2019,775,775,768,768,766
1/28/2019,768,780,768,780,947
1/29/2019,780,780,765,779,612
1/31/2019,779,779,766,766,708
2/3/2019,766,770,766,770,203
2/4/2019,761,770,756,756,1480
2/5/2019,759,760,746,748,671
2/6/2019,746,750,745,745,470
2/7/2019,755,755,745,747,286
2/10/2019,740,747,740,745,910
2/11/2019,740,745,735,745,686
2/12/2019,745,745,737,744,1231
2/13/2019,744,744,732,735,643
2/14/2019,728,735,716,716,1104
2/17/2019,720,720,714,716,791
2/18/2019,710,716,710,713,274
2/19/2019,716,730,713,730,110
2/20/2019,720,730,715,720,605
2/21/2019,721,722,715,719,1943
2/24/2019,719,719,712,712,1156
2/25/2019,710,712,700,710,2477
2/26/2019,701,710,701,702,1260
2/27/2019,703,715,693,693,1861
3/3/2019,695,708,693,701,326
3/5/2019,714,714,701,714,20
3/6/2019,720,724,712,724,841
3/7/2019,725,725,716,725,425
3/11/2019,735,768,725,768,1860
3/12/2019,774,775,750,758,2864
3/13/2019,745,758,740,740,669
3/14/2019,744,745,744,745,284
3/17/2019,750,750,738,745,596
3/18/2019,758,759,744,744,456
3/19/2019,744,745,725,725,980
3/21/2019,711,729,715,720,3557
3/24/2019,722,723,710,723,480
3/25/2019,725,739,724,738,1124
3/26/2019,732,740,731,731,1222
3/28/2019,740,743,730,730,533
3/31/2019,730,738,724,738,600
4/1/2019,740,745,733,740,2859
4/2/2019,741,745,739,745,1977
4/3/2019,745,753,745,748,1287
4/4/2019,745,750,735,735,559
4/7/2019,740,740,735,740,523
4/9/2019,775,775,751,753,8151
4/10/2019,745,760,732,760,596
4/11/2019,761,762,750,762,1565
4/15/2019,760,808,760,808,1811
4/16/2019,794,830,791,830,5509
4/18/2019,800,835,800,810,2868
4/21/2019,812,841,812,841,4433
4/22/2019,845,845,821,821,2663
4/23/2019,820,820,818,818,254
4/24/2019,834,834,820,820,390
4/25/2019,820,854,820,829,670
4/28/2019,845,911,845,900,8576
4/29/2019,918,925,877,904,9982
4/30/2019,895,895,884,884,1842
5/2/2019,880,885,875,880,10020
5/5/2019,880,881,864,864,2839
5/6/2019,865,878,863,870,1167
5/7/2019,887,887,871,876,2237
5/8/2019,893,893,862,862,1580
5/9/2019,846,866,846,866,1032
5/12/2019,866,878,862,863,613
5/13/2019,860,861,848,860,300
5/14/2019,865,890,861,880,2859
5/15/2019,895,895,878,878,751
5/16/2019,878,885,871,871,1189
5/19/2019,855,875,855,871,835
5/20/2019,865,866,865,866,320
5/21/2019,856,863,855,855,789
5/22/2019,855,860,855,860,568
5/23/2019,877,877,850,860,740
5/26/2019,851,855,850,852,594
5/27/2019,852,864,845,859,2474
5/28/2019,860,860,855,856,2370
5/29/2019,855,856,851,856,5328
5/30/2019,873,890,856,856,5039
6/2/2019,870,870,845,848,1060
6/3/2019,850,850,833,837,2312
6/4/2019,830,834,822,826,1762
6/6/2019,826,840,826,835,128
6/10/2019,829,835,829,831,1540
6/11/2019,840,842,840,842,558
6/12/2019,842,844,829,840,3508
6/13/2019,835,840,835,840,473
6/16/2019,824,829,815,829,549
6/17/2019,821,826,821,826,734
6/18/2019,810,833,826,830,10636
6/19/2019,840,840,830,832,3350
6/20/2019,832,837,832,832,476
6/23/2019,826,831,823,823,18550
6/24/2019,834,839,829,835,6870
6/25/2019,835,835,831,833,1337
6/26/2019,832,833,832,832,2020
6/27/2019,832,840,832,835,2566
6/30/2019,840,840,832,835,662
7/1/2019,830,838,830,835,1901
7/2/2019,830,837,830,837,2366
7/3/2019,839,855,839,849,916
7/4/2019,850,850,845,846,630
7/7/2019,835,841,835,841,150
7/8/2019,841,842,840,842,794
7/9/2019,840,845,840,842,943
7/10/2019,842,842,842,842,120
7/11/2019,842,843,841,842,1466
7/14/2019,841,841,840,840,360
7/15/2019,840,844,840,841,1048
7/17/2019,850,860,850,860,216
7/18/2019,860,873,860,860,410
7/21/2019,862,862,861,861,124
7/22/2019,870,870,864,870,1082
7/23/2019,880,895,880,895,1200
7/24/2019,898,905,897,897,4190
7/25/2019,891,900,887,890,5071
7/28/2019,884,884,872,872,2723
7/29/2019,889,889,889,889,10
7/30/2019,889,889,889,889,190
7/31/2019,880,904,880,904,934
8/1/2019,892,910,886,900,3260
8/4/2019,918,918,902,904,2658
8/5/2019,904,905,900,905,2166
8/6/2019,900,900,890,890,890
8/7/2019,887,900,880,895,2966
8/8/2019,895,895,882,882,550
8/11/2019,885,885,870,877,670
8/12/2019,875,892,871,892,610
8/13/2019,890,890,885,887,275
8/14/2019,904,904,875,875,495
8/15/2019,875,875,873,873,907
8/18/2019,875,875,870,870,1322
8/19/2019,870,887,870,879,890
8/20/2019,870,870,868,868,1296
8/21/2019,868,870,868,870,323
8/22/2019,872,875,870,870,2178
8/25/2019,870,875,868,870,1916
8/26/2019,863,870,863,870,1372
8/27/2019,875,875,868,868,131
8/28/2019,876,876,861,861,265
8/29/2019,870,870,863,863,800
9/1/2019,860,860,852,852,840
9/2/2019,866,866,830,830,910
9/3/2019,825,857,825,857,4144
9/4/2019,857,866,857,861,273
9/5/2019,861,862,856,856,1780
9/8/2019,856,865,852,852,2477
9/9/2019,843,843,843,843,230
9/10/2019,850,850,836,836,1336
9/11/2019,832,847,830,830,1139
9/12/2019,832,833,830,830,1033
9/15/2019,841,846,833,842,5439
9/16/2019,845,847,837,837,2175
9/17/2019,845,868,840,840,1715
9/18/2019,856,870,851,870,1072
9/19/2019,884,884,870,870,1299
9/22/2019,860,860,850,850,760
9/23/2019,850,850,840,850,2713
9/24/2019,842,850,840,843,1858
9/26/2019,841,850,840,850,398
9/29/2019,850,860,840,840,1000
9/30/2019,840,844,840,844,27
10/1/2019,849,850,848,848,140
10/2/2019,860,860,860,860,42
10/3/2019,855,870,855,870,628
10/14/2019,870,870,855,855,1009
10/15/2019,855,857,855,855,1952
10/16/2019,855,856,855,856,4510
10/17/2019,844,860,844,860,1093
10/20/2019,873,874,863,863,285
10/21/2019,865,869,859,869,1020
10/22/2019,869,871,865,871,395
10/23/2019,870,875,870,871,1277
10/24/2019,871,872,870,870,1691
10/31/2019,870,871,870,871,125
11/3/2019,885,885,875,879,380
11/4/2019,872,883,872,875,512
11/5/2019,878,878,860,860,834
11/6/2019,865,865,865,865,200
11/7/2019,870,870,865,865,1125
11/10/2019,879,887,871,885,5090
11/11/2019,885,914,885,910,10869
11/12/2019,910,914,885,905,10099
11/13/2019,897,901,892,901,91
11/17/2019,880,900,880,896,3254
11/18/2019,896,898,895,896,1224
11/19/2019,889,898,889,898,50
11/20/2019,898,898,891,892,663
11/21/2019,898,898,883,890,180
11/24/2019,893,893,881,886,559
11/25/2019,888,890,871,875,3348
11/26/2019,882,885,880,880,1023
11/27/2019,892,892,884,892,2837
11/28/2019,894,894,890,890,500
12/1/2019,880,890,880,885,762
12/2/2019,881,881,877,877,1122
12/3/2019,880,885,880,881,2310
12/4/2019,890,910,890,910,3141
12/5/2019,910,937,910,934,5939
12/8/2019,952,971,931,938,2489
12/9/2019,946,976,945,966,8805
12/10/2019,961,974,955,966,4808
12/11/2019,966,1027,966,1000,10184
12/12/2019,1020,1034,985,990,3890
12/15/2019,983,995,981,983,4127
12/16/2019,778,785,772,772,4744
12/17/2019,775,780,769,771,4305
12/18/2019,766,766,761,761,5754
12/19/2019,769,770,752,764,5180
12/22/2019,770,770,766,770,610
12/23/2019,785,785,779,785,894
12/24/2019,785,785,785,785,130
12/25/2019,785,785,766,780,1624
12/26/2019,777,777,770,773,6110
12/29/2019,773,773,766,770,62
12/30/2019,772,772,766,766,500
12/31/2019,766,777,766,777,2019
1/1/2020,772,790,770,790,7578
1/2/2020,790,800,790,799,2779
1/5/2020,810,820,802,813,8062
1/6/2020,813,825,813,822,6961
1/7/2020,824,857,824,856,3922
1/8/2020,850,870,850,857,7970
1/9/2020,850,892,850,864,8757
1/12/2020,880,897,877,892,8776
1/13/2020,909,923,891,900,12858
1/14/2020,895,905,882,904,6598
1/15/2020,915,922,903,904,5598
1/16/2020,910,930,907,930,7956
1/19/2020,937,955,935,935,8550
1/20/2020,917,935,910,910,3055
1/21/2020,903,903,885,900,4015
1/22/2020,901,920,888,920,1965
1/23/2020,916,920,895,900,3195
1/26/2020,900,910,885,886,1130
1/27/2020,898,918,898,915,2518
1/28/2020,930,980,930,951,9807
1/29/2020,970,990,960,983,12036
1/30/2020,983,1021,982,990,10154
2/2/2020,1009,1019,990,996,6862
2/3/2020,1015,1015,980,998,7933
2/4/2020,1005,1005,979,988,5355
2/5/2020,975,990,957,973,5442
2/6/2020,989,989,954,962,5603
2/9/2020,962,962,944,945,7337
2/10/2020,945,958,936,941,2708
2/11/2020,959,993,955,990,7096
2/12/2020,991,1032,991,1025,20986
2/13/2020,1045,1057,1025,1036,20900
2/16/2020,1055,1063,1035,1059,11010
2/17/2020,1061,1069,1039,1049,11349
2/18/2020,1045,1092,1033,1048,11541
2/19/2020,1035,1099,1030,1075,8980
2/20/2020,1075,1159,1096,1159,16265
2/23/2020,1180,1219,1142,1175,16890
2/24/2020,1175,1190,1140,1142,13181
2/25/2020,1125,1185,1111,1172,8575
2/26/2020,1185,1248,1185,1202,19475
2/27/2020,1210,1210,1160,1178,10370
3/1/2020,1178,1180,1150,1155,19273
3/2/2020,1132,1150,1088,1088,11822
3/3/2020,1088,1071,980,1019,31202
3/4/2020,999,1018,975,975,11714
3/5/2020,957,1038,950,1015,8340
3/10/2020,995,995,940,957,5934
3/11/2020,976,1018,966,1018,7494
3/12/2020,998,1022,951,953,8213
3/15/2020,972,972,930,930,16832
3/16/2020,920,969,914,940,10141
3/17/2020,949,949,906,916,19859
3/18/2020,898,933,870,900,5600
3/19/2020,885,912,867,910,4595
6/29/2020,910,910,910,875,1142
6/30/2020,870,909,870,909,1430
7/1/2020,927,927,927,927,100
7/2/2020,945,945,902,902,1120
7/5/2020,900,925,900,925,1784
7/6/2020,925,945,924,945,1953
7/7/2020,963,1000,960,976,6402
7/8/2020,965,976,955,960,2872
7/9/2020,955,978,945,955,2582
7/12/2020,974,992,961,980,7096
7/13/2020,980,1018,971,980,5185
7/14/2020,985,1054,985,1039,16911
7/15/2020,1033,1033,1015,1015,7587
7/16/2020,1005,1024,1002,1022,3909
7/19/2020,1040,1060,1040,1060,398
7/20/2020,1113,1113,995,995,7386
7/21/2020,977,1000,977,999,2927
7/22/2020,999,999,982,985,2165
7/23/2020,980,1000,980,999,3844
7/26/2020,1018,1034,1001,1005,3421
7/27/2020,1005,1035,1000,1010,6678
7/28/2020,1010,1014,996,1004,10418
7/29/2020,1010,1010,985,994,20051
7/30/2020,994,1004,981,1000,3995
8/2/2020,980,998,971,986,6350
8/3/2020,985,990,980,990,1763
8/5/2020,971,971,952,966,7732
8/6/2020,965,970,955,964,15524
8/9/2020,945,965,945,958,9064
8/10/2020,970,979,965,978,8018
8/11/2020,980,980,970,972,7082
8/12/2020,982,982,971,971,4080
8/13/2020,963,970,955,966,6870
8/16/2020,959,966,950,960,1944
8/17/2020,941,941,906,934,14234
8/18/2020,941,947,930,947,4757
8/19/2020,940,947,931,935,1113
8/20/2020,945,948,932,932,952
8/23/2020,941,942,931,931,3792
8/24/2020,936,957,936,953,10954
8/25/2020,972,972,949,952,2011
8/26/2020,960,983,960,976,7824
8/27/2020,970,980,968,975,5891
8/30/2020,975,981,970,980,2693
8/31/2020,990,990,966,971,8436
9/2/2020,989,989,975,977,5789
9/3/2020,987,990,975,979,3211
9/6/2020,998,999,970,970,4272
9/7/2020,980,980,957,965,1490
9/8/2020,966,999,966,980,1457
9/9/2020,981,994,973,975,5305
9/10/2020,994,1000,986,987,2634
9/13/2020,990,998,986,994,4549
9/14/2020,994,1000,979,979,2573
9/15/2020,976,984,975,984,1776
9/16/2020,967,987,967,980,3203
9/17/2020,986,986,977,978,2242
9/20/2020,978,986,978,982,698
9/21/2020,980,982,978,980,2454
9/22/2020,978,980,970,971,8784
9/23/2020,970,980,967,980,1753
9/24/2020,999,999,980,980,4558
9/27/2020,985,986,977,977,4927
9/28/2020,970,975,970,972,502
9/29/2020,967,980,967,972,993
9/30/2020,970,970,965,970,1440
10/1/2020,970,977,966,966,2530
10/4/2020,957,980,957,963,3393
10/5/2020,975,982,961,965,7944
10/6/2020,968,984,965,971,1414
10/7/2020,972,973,960,960,3640
10/8/2020,961,972,950,972,4855
10/11/2020,961,971,960,971,1643
10/12/2020,970,972,969,970,2582
10/13/2020,956,970,955,969,351
10/14/2020,965,970,956,970,2345
10/15/2020,970,970,961,967,1643
10/18/2020,969,970,953,961,1533
10/19/2020,961,970,955,970,360
10/20/2020,972,978,972,978,2290
10/21/2020,978,980,976,978,1408
10/22/2020,978,980,976,980,1743
10/28/2020,982,992,982,991,1745
10/29/2020,992,993,985,990,3918
11/1/2020,995,1000,985,1000,8341
11/2/2020,1001,1040,1000,1025,12401
11/3/2020,1035,1050,1025,1030,6583
11/4/2020,1025,1028,1017,1020,3769
11/5/2020,1016,1019,1010,1012,5243
11/8/2020,1012,1020,1009,1012,10093
11/9/2020,1013,1039,992,1030,14916
11/10/2020,1032,1038,1018,1029,6919
11/11/2020,978,1004,941,1000,57954
11/12/2020,991,997,984,989,14620
11/18/2020,984,999,984,996,5044
11/19/2020,1005,1005,991,999,10478
11/22/2020,1000,1035,990,996,27604
11/23/2020,991,997,985,988,12828
11/24/2020,988,1009,987,1000,13577
11/25/2020,1000,1039,1000,1037,16898
11/26/2020,1049,1120,1045,1045,22021
11/29/2020,1045,1071,1040,1071,19476
11/30/2020,1071,1100,1070,1076,15481
12/1/2020,1091,1104,1070,1100,19682
12/2/2020,1120,1210,1110,1208,33449
12/3/2020,1268,1300,1210,1243,43584
12/6/2020,1245,1245,1140,1150,19767
12/7/2020,1150,1210,1134,1207,21002
12/8/2020,1230,1254,1176,1195,21620
12/9/2020,1218,1218,1146,1150,16135
12/10/2020,1141,1173,1140,1143,9230
12/13/2020,1150,1199,1127,1189,18179
12/14/2020,1205,1292,1205,1283,40503
12/15/2020,1307,1315,1265,1277,40836
12/16/2020,1271,1320,1262,1298,28527
12/17/2020,1297,1320,1258,1275,16355
12/20/2020,1297,1297,1192,1200,36522
12/21/2020,1176,1245,1131,1200,22252
12/22/2020,1224,1245,1200,1245,15833
12/23/2020,1268,1268,1240,1245,15590
12/24/2020,1222,1260,1221,1254,9821
12/27/2020,1257,1274,1216,1217,9776
12/28/2020,1230,1249,1207,1220,8789
12/29/2020,1244,1244,1221,1233,5833
12/30/2020,1219,1320,1219,1310,35484
12/31/2020,1335,1362,1286,1290,18829
1/3/2021,1290,1325,1290,1320,31244
1/4/2021,1335,1350,1299,1320,40485
1/5/2021,1254,1360,1254,1338,17533
1/6/2021,1272,1362,1272,1362,24052
1/7/2021,1380,1385,1350,1370,21113
1/10/2021,1350,1350,1274,1311,62590
1/11/2021,1290,1314,1285,1299,25011
1/12/2021,1293,1345,1293,1340,31800
1/13/2021,1350,1359,1332,1344,38661
1/17/2021,1345,1405,1337,1401,38073
1/18/2021,1405,1513,1402,1500,42368
1/19/2021,1500,1530,1453,1493,34283
1/20/2021,1494,1502,1491,1500,15301
1/21/2021,1500,1530,1498,1526,23327
1/24/2021,1526,1545,1524,1542,19042
1/25/2021,1545,1550,1491,1514,21713
1/26/2021,1484,1499,1460,1479,12481
1/27/2021,1465,1490,1458,1481,27374
1/28/2021,1500,1606,1490,1522,47283
1/31/2021,1525,1525,1446,1449,31637
2/1/2021,1470,1500,1415,1435,21689
2/2/2021,1463,1500,1450,1486,21003
2/3/2021,1500,1527,1464,1480,19384
2/4/2021,1462,1495,1462,1490,23916
2/7/2021,1510,1639,1500,1639,74271
2/8/2021,1720,1720,1608,1634,56413
2/9/2021,1553,1600,1522,1539,59543
2/10/2021,1530,1544,1511,1520,36274
2/11/2021,1550,1550,1470,1475,23092
2/14/2021,1454,1490,1445,1449,56556
2/15/2021,1465,1593,1465,1593,464707
2/16/2021,1630,1700,1600,1635,67139
2/17/2021,1635,1651,1585,1636,37412
2/18/2021,1641,1642,1607,1632,45913
2/21/2021,1640,1665,1625,1640,103475
2/22/2021,1690,1690,1625,1627,188402
2/23/2021,1512,1512,1404,1455,30746
2/24/2021,1445,1468,1440,1454,16605
2/25/2021,1445,1445,1420,1425,10234
2/28/2021,1400,1405,1370,1370,22157
3/1/2021,1356,1406,1347,1392,13262
3/2/2021,1418,1418,1341,1355,14452
3/3/2021,1336,1360,1316,1325,20598
3/4/2021,1350,1448,1326,1448,21250
3/8/2021,1448,1463,1402,1447,16992
3/9/2021,1446,1467,1432,1439,16954
3/10/2021,1439,1439,1420,1420,8530
3/14/2021,1400,1430,1400,1408,12843
3/15/2021,1405,1420,1401,1406,15296
3/16/2021,1406,1421,1400,1414,16567
3/17/2021,1415,1465,1415,1461,16904
3/18/2021,1480,1529,1470,1517,18069
3/21/2021,1525,1666,1525,1650,49810
3/22/2021,1655,1665,1598,1598,46180
3/23/2021,1572,1630,1571,1620,77835
3/24/2021,1640,1652,1610,1638,40017
3/25/2021,1659,1670,1620,1629,65501
3/29/2021,1660,1662,1630,1635,28740
3/30/2021,1637,1753,1605,1726,267591
3/31/2021,1750,1756,1726,1730,46443
4/1/2021,1730,1730,1690,1725,29472
4/4/2021,1722,1765,1702,1743,82180
4/5/2021,1755,1766,1740,1745,57282
4/6/2021,1750,1759,1740,1749,21789
4/7/2021,1760,1866,1754,1822,58067
4/8/2021,1851,1851,1810,1818,25066
4/12/2021,1820,1919,1820,1870,93359
4/13/2021,1800,1909,1800,1869,21866
4/15/2021,1850,1879,1830,1835,34567
4/18/2021,1835,1842,1802,1834,22060
4/19/2021,1803,1829,1803,1807,28908
4/20/2021,1800,1830,1794,1802,16286
4/21/2021,1802,1821,1785,1800,35164
4/22/2021,1801,1805,1766,1805,22706
4/25/2021,1830,1831,1728,1730,31064
4/26/2021,1700,1745,1663,1665,22261
4/27/2021,1669,1759,1669,1749,26026
4/28/2021,1834,1834,1725,1735,16783
4/29/2021,1744,1763,1740,1754,10286
5/2/2021,1730,1780,1730,1764,16492
5/3/2021,1795,1800,1751,1768,17211
5/4/2021,1781,1810,1749,1775,38268
5/5/2021,1778,1798,1760,1761,14818
5/6/2021,1849,1849,1746,1755,58692
5/9/2021,1750,1751,1720,1725,12071
5/10/2021,1711,1750,1690,1750,11700
5/11/2021,1800,1800,1741,1750,15841
5/12/2021,1750,1750,1730,1739,7444
5/13/2021,1740,1746,1724,1735,8025
5/16/2021,1720,1780,1720,1762,37377
5/17/2021,1797,1797,1772,1772,27311
5/18/2021,1860,1860,1761,1780,22027
5/19/2021,1799,1800,1754,1771,13216
5/20/2021,1859,1859,1751,1767,6354
5/23/2021,1750,1770,1730,1747,13930
5/24/2021,1750,1768,1745,1746,14227
5/25/2021,1740,1759,1726,1739,12017
5/27/2021,1705,1705,1634,1683,33199
5/30/2021,1683,1683,1651,1655,13909
5/31/2021,1655,1695,1655,1676,17276
6/1/2021,1680,1695,1648,1684,15691
6/2/2021,1684,1700,1644,1675,202427
6/3/2021,1605,1742,1605,1700,38646
6/6/2021,1734,1768,1696,1719,36065
6/7/2021,1790,1790,1705,1727,23580
6/8/2021,1731,1735,1690,1697,36353
6/9/2021,1700,1710,1691,1693,18444
6/10/2021,1690,1700,1665,1670,16617
6/13/2021,1689,1690,1665,1671,20801
6/14/2021,1665,1680,1660,1669,19314
6/15/2021,1670,1670,1650,1660,20388
6/16/2021,1662,1789,1660,1704,37238
6/17/2021,1735,1765,1680,1683,12244
6/20/2021,1662,1700,1640,1650,11649
6/21/2021,1650,1680,1625,1625,17095
6/22/2021,1640,1650,1593,1641,18121
6/23/2021,1645,1645,1601,1603,13809
6/24/2021,1633,1633,1578,1580,13223
6/27/2021,1611,1611,1580,1590,6044
6/28/2021,1600,1638,1600,1615,10164
6/29/2021,1645,1677,1616,1652,27687
6/30/2021,1630,1630,1616,1625,3649
7/1/2021,1706,1706,1619,1627,7227
7/4/2021,1630,1657,1600,1614,11727
7/5/2021,1606,1610,1595,1601,7023
7/6/2021,1590,1604,1579,1585,29181
7/7/2021,1506,1616,1506,1599,91480
7/8/2021,1570,1600,1569,1595,14838
7/11/2021,1620,1645,1600,1625,50969
7/12/2021,1580,1640,1580,1599,296765
7/13/2021,1678,1678,1590,1596,124936
7/14/2021,1593,1606,1580,1593,102167
7/15/2021,1623,1623,1590,1600,46405
7/18/2021,1625.1,1672,1625.1,1660,67069
7/19/2021,1692,1720,1640,1646,77995
7/20/2021,1650,1659,1630,1650,47227
7/22/2021,1650,1655,1636,1641,47087
7/25/2021,1650,1670,1646,1661,78593
7/26/2021,1689,1712,1676,1699,118163
7/27/2021,1665.1,1685,1632,1675,89630
7/28/2021,1675,1697,1669.7,1680,58198
7/29/2021,1696,1710,1668,1668,36940
8/1/2021,1697,1700,1670,1685,55668
8/2/2021,1700,1758,1700,1758,103868
8/3/2021,1793.1,1875,1770,1859,161403
8/4/2021,1895,1895,1779,1810,138579
8/5/2021,1810,1818,1757,1772,121526
8/8/2021,1775.1,1780,1725,1726.2,42914
8/9/2021,1730,1730,1696,1717,65140
8/10/2021,1717,1750,1693.1,1725,49778
8/11/2021,1728,1740,1710,1711,23024
8/12/2021,1711,1720,1665,1708,59850
8/15/2021,1673.9,1802,1670,1746,104696
8/16/2021,1752,1770,1712,1715,88036
8/17/2021,1740,1774,1706,1717,71070
8/18/2021,1717,1724,1695,1702,72924
8/19/2021,1702,1727.9,1699,1710,43400
8/24/2021,1712,1720,1680,1700,59734
8/25/2021,1734,1734,1671,1673.1,17805
8/26/2021,1695,1695,1665,1676,23187
8/29/2021,1668,1689,1626,1635,28578
8/31/2021,1636,1636,1585,1607,42870
9/1/2021,1600,1629,1588,1595,28812
9/2/2021,1602,1646,1565,1589,37723
9/5/2021,1600,1600,1535,1569,35611
9/6/2021,1569,1618,1550,1608,28620
9/7/2021,1615,1615,1581.3,1587,26139
9/8/2021,1590,1594,1551.2,1558,18395
9/9/2021,1558,1585.5,1554,1570,15729
9/12/2021,1580,1601,1570,1584,27704
9/13/2021,1590,1602,1575,1575.1,21424
9/14/2021,1589,1589,1565.9,1571,7945
9/15/2021,1555.2,1590,1555.1,1573,9511
9/16/2021,1604.4,1604.4,1520.1,1528,20225
9/20/2021,1535,1535,1456,1472,35933
9/21/2021,1456,1511,1443,1480,19875
9/22/2021,1509.6,1535,1499,1518,10505
9/23/2021,1548,1550,1512,1512,14593
9/26/2021,1524,1524,1474.9,1486,9565
9/27/2021,1462,1468,1437,1437,15837
9/28/2021,1412,1451,1392.1,1419,23032
9/29/2021,1444,1445,1386,1430,18763
9/30/2021,1431,1442,1415,1418,9671
10/3/2021,1418,1418,1392,1397,9164
10/4/2021,1386,1422,1375,1408,20961
10/5/2021,1417,1471,1413,1465,22918
10/6/2021,1476,1570,1470,1570,109976
10/10/2021,1600,1632,1500,1501,45778
10/11/2021,1502,1520,1470,1500,13160
10/17/2021,1525,1525,1490,1495,7404
10/18/2021,1485,1485,1446,1446,12878
10/19/2021,1419,1430,1385,1400,19008
10/20/2021,1428,1482.9,1390,1410,40345
10/21/2021,1411.5,1445,1392,1428,43563
10/24/2021,1427,1490,1425.1,1465,26537
10/25/2021,1470,1497.8,1456,1489,16411
10/26/2021,1500,1537.9,1490,1522,22950
10/27/2021,1550,1550,1504,1524,32501
10/28/2021,1540,1550,1515,1550,26768
10/31/2021,1530,1611,1530,1611,39707
11/1/2021,1639.9,1639.9,1555,1566.6,28568
11/2/2021,1570,1579.9,1540,1575,22476
11/3/2021,1580,1644,1580,1630,57625
11/8/2021,1630,1645,1596,1616,28687
11/9/2021,1620,1620,1540,1560,33307
11/11/2021,1540,1555,1516,1520.5,17414
11/14/2021,1520,1528,1495,1500,13187
11/15/2021,1530,1540,1509,1536,13856
11/16/2021,1536,1545,1520,1539,15938
11/17/2021,1550,1560,1523,1523,12034
11/18/2021,1530,1554,1502,1523,22089
11/21/2021,1523,1549,1521,1530,5710
11/22/2021,1530,1532.9,1525,1532,5373
11/23/2021,1513,1530,1495,1500.1,13435
11/24/2021,1496,1496,1460,1480,17021
11/25/2021,1509,1509,1471,1488,14266
11/28/2021,1509.6,1599,1509.6,1539,104670
11/29/2021,1540,1561,1527,1530,28319
11/30/2021,1540,1549.9,1500,1520,25179
12/1/2021,1530,1550,1510,1514,12153
12/2/2021,1520,1520,1498,1500,14448
12/5/2021,1491,1499,1469,1473,21927
12/6/2021,1473,1497,1441,1487,16612
12/7/2021,1516,1545,1470,1470,13481
12/8/2021,1465,1479,1431,1434,10811
12/9/2021,1421.1,1460,1410,1440,10714
12/12/2021,1445,1459,1408,1408,11514
12/13/2021,1393,1398,1360,1365,16364
12/14/2021,1385,1453,1376,1453,13438
12/15/2021,1482,1482,1417,1427,20780
12/16/2021,1429.9,1430,1392,1400,6306
12/20/2021,1428,1428,1388,1415,23236
12/21/2021,1443.3,1463,1422,1458,16931
12/22/2021,1487,1515,1460,1512,29120
12/23/2021,1542.2,1542.2,1490,1513,17450
12/26/2021,1530,1567,1512,1565.7,31514
12/27/2021,1594.9,1597,1541,1555,70144
12/28/2021,1220,1224,1166,1196,21859
12/29/2021,1200,1200,1180,1192,11561
1/2/2022,1190,1203,1172,1195,12339
1/3/2022,1210,1235,1207,1234,21263
1/4/2022,1234,1239,1206.2,1227.9,13203
1/5/2022,1246,1246,1196.6,1196.6,13872
1/6/2022,1195,1208,1180,1200,7532
1/9/2022,1223,1223,1198.6,1215,13604
1/10/2022,1225,1225,1210,1216,22744
1/11/2022,1224,1287,1218,1260,42272
1/12/2022,1283,1285,1240,1250,29528
1/13/2022,1226,1310,1225.1,1305,32307
1/16/2022,1305,1345,1295,1310,30268
1/17/2022,1330,1330,1294,1305,20155
1/18/2022,1305,1305,1272,1280,18183
1/19/2022,1300,1300,1255.6,1258,11147
1/20/2022,1250,1280,1250,1280,14291
1/23/2022,1295,1304,1277,1282,20209
1/24/2022,1260.1,1271,1228,1229.1,24436
1/25/2022,1233.1,1268.9,1196,1242,22459
1/26/2022,1247,1255,1216,1219,8947
1/27/2022,1221,1250,1211,1214.9,9907
1/30/2022,1239.1,1263.8,1235,1253.3,22174
1/31/2022,1270,1290,1254,1265,18739
2/1/2022,1261,1282,1256,1279,10744
2/3/2022,1285,1310,1260,1270,29445
2/6/2022,1260,1272,1250.1,1250.1,10032
2/7/2022,1250,1255,1245,1254.9,7486
2/8/2022,1279,1285,1235,1237,13052
2/9/2022,1237,1240,1220.2,1237,4253
2/10/2022,1221.1,1241.9,1213,1226,5832
2/13/2022,1250.5,1250.5,1190,1194,22022
2/14/2022,1194,1215,1190,1195.1,8313
2/15/2022,1200,1240,1195,1240,13730
2/16/2022,1244,1244,1211,1215,5328
2/17/2022,1210,1215,1200,1200,6049
2/20/2022,1190,1220,1175,1186,9707
2/21/2022,1192,1201,1180,1191,5303
2/22/2022,1207,1214,1197,1200,7092
2/23/2022,1200,1205,1187,1198,4045
2/24/2022,1180,1190,1158.1,1166,15436
2/27/2022,1166,1180,1158,1161,4416
2/28/2022,1179,1179,1140.1,1145,7099
3/2/2022,1145,1145,1110,1110,6849
3/6/2022,1110,1123,1090,1111,9328
3/7/2022,1111,1119,1092,1101,9643
3/9/2022,1120,1120,1090.1,1094,7189
3/10/2022,1085,1110,1085,1108.5,6187
3/13/2022,1120,1150,1115.1,1150,12210
3/14/2022,1161,1171.9,1137.8,1165,1867
3/15/2022,1166,1177,1145,1150,7610
3/16/2022,1150,1159.9,1145,1150,4716
3/20/2022,1170,1172,1143,1146,4471
3/21/2022,1168.9,1168.9,1138,1154,2397
3/22/2022,1177,1177,1155,1156,4762
3/23/2022,1179,1179,1145,1146,3930
3/24/2022,1150,1163,1140.1,1141,5131
3/27/2022,1153.5,1153.5,1119.5,1121,5193
3/28/2022,1143.4,1143.4,1100,1115,3209
3/29/2022,1100,1118,1100,1115,4333
3/30/2022,1137,1145,1099,1121,5102
3/31/2022,1143.4,1143.4,1108,1114,4627
4/3/2022,1093,1117,1093,1100,2348
4/4/2022,1122,1122,1088,1099,7106
4/5/2022,1091,1096,1070,1094,6385
4/6/2022,1074,1090,1053,1065,7025
4/7/2022,1074.9,1095,1064,1080,6520
4/11/2022,1101.6,1120,1081,1081,4245
4/12/2022,1067,1082,1059,1078,4679
4/13/2022,1061,1105,1057,1105,4809
4/17/2022,1127,1127,1088,1088,3166
4/18/2022,1067.5,1089,1060,1067.1,4054
4/19/2022,1056,1080,1056,1075,1672
4/20/2022,1075,1083,1065,1067,2246
4/21/2022,1060,1080,1050,1078,3415
4/24/2022,1097,1142.3,1074,1120,5307
4/25/2022,1101,1139,1100,1100,3000
4/26/2022,1115,1115,1095,1103,803
4/27/2022,1103,1114.5,1080,1091,2541
4/28/2022,1091,1093,1073,1085,2542
5/2/2022,1100,1100,1065.2,1069,4540
5/4/2022,1050,1055,1040,1048,4614
5/5/2022,1050,1050,1026,1026,3817
5/8/2022,1030,1041,1020,1041,3435
5/9/2022,1042,1060,1041,1051.2,2458
5/10/2022,1060,1071,1060,1070,3041
5/11/2022,1079.8,1118.9,1078,1116,5952
5/12/2022,1125,1125,1099,1110,3743
5/17/2022,1110,1110,1078,1080,2095
5/18/2022,1059,1083,1059,1083,2549
5/19/2022,1065,1097.9,1062,1077,2211
5/20/2022,1057,1080,1055.6,1069,1263
5/23/2022,1070,1070,1020,1030,6989
5/24/2022,1031,1046,1015,1029,4728
5/25/2022,1049,1049,1029,1038,3312
5/26/2022,1050,1050,1025.5,1035,4543
5/27/2022,1054,1055,1033,1033.1,4619
5/30/2022,1053.7,1071,1021,1023,6443
5/31/2022,1020,1020,1002,1014,3673
6/1/2022,1016,1021,1002,1008,5372
6/2/2022,1020,1020,1001.3,1005,5564
6/3/2022,1015,1015,995,1000,3770
6/6/2022,1000,1020,985,999,4505
6/7/2022,999,1010,985,985,4565
6/8/2022,997,1014.9,989,1007,4411
6/9/2022,1010,1026,1001,1008,5911
6/10/2022,1000,1020,990,1003,3886
6/13/2022,1014,1014,995,995,2851
6/14/2022,995,995,979.1,979.1,3893
6/15/2022,968,968,949,959,3878
6/16/2022,977,977,923.2,968,3174
6/17/2022,980,980,950,964,708
6/19/2022,955,955,945,946,3177
6/20/2022,928,928,907.5,920,7730
6/21/2022,938.4,938.4,914,935,5078
6/22/2022,935,945,925,925,2212
6/23/2022,911,911,879,895,8000
6/24/2022,895,933,875,900,6258
6/26/2022,918,970,918,970,7839
6/27/2022,970,988,940.1,960,7415
6/28/2022,941,957,930,956,2563
6/29/2022,955,974,945,965.1,3712
6/30/2022,980,1015,980,1014.9,9614
7/1/2022,1010,1035.1,1010,1026.2,4938
7/3/2022,1029,1080.1,1029,1080,16927
7/4/2022,1085,1115,1040,1070,12179
7/5/2022,1070,1082,1034.9,1042,12083
7/6/2022,1023.1,1084,1001,1055,6215
7/7/2022,1061,1069,1026,1040,10957
7/8/2022,1020,1040,1019.2,1030,4392
7/11/2022,1020,1020,976,985,12485
7/12/2022,995,999,967.3,967.3,13208
7/13/2022,986.6,999.8,966,997,9868
7/14/2022,1001,1049.6,985,1048,23204
7/15/2022,1028,1111,1000,1099,19717
7/17/2022,1085,1085,1045,1055.1,12297
7/18/2022,1040,1045,1023,1040,9139
7/19/2022,1025,1065,1025,1047,10342
7/20/2022,1050,1059,1035.1,1058,5748
7/21/2022,1040,1054,1040,1041,5348
7/22/2022,1041,1042,1010,1032,8245
7/24/2022,1011.4,1056,1011.4,1054.9,12516
7/25/2022,1069.9,1122,1069.9,1118,35784
7/26/2022,1123,1130,1085,1089,23412
7/27/2022,1075,1110.7,1070,1110,8960
7/28/2022,1130,1154,1107.5,1121,36415
7/29/2022,1112,1138,1111,1120,7799
7/31/2022,1121,1145,1120,1139,16186
8/1/2022,1150,1150,1116.2,1122,14420
8/2/2022,1120,1135,1101,1110,10408
8/3/2022,1110,1124,1100,1115,11779
8/4/2022,1125,1125,1095,1098,10735
8/5/2022,1080,1090,1060,1063,7434
8/7/2022,1084,1084,1065,1067,7491
8/8/2022,1070,1090,1051,1051,11555
8/9/2022,1055,1058,1024.2,1024.2,14765
8/10/2022,1025,1039,1005.1,1014,8698
8/11/2022,1020,1022,1000,1001,11295
8/14/2022,1000,1000,979,980,12469
8/15/2022,996,1014,985,1010.1,8446
8/16/2022,1015,1026,998,1000,12982
8/17/2022,997,1010,997,1000,3430
8/18/2022,1000,1015,999,1010,9451
8/21/2022,1025,1050,1017,1019,6461
8/22/2022,1019,1019,1008.1,1008.3,6319
8/23/2022,1015,1015,1000.1,1002,5780
8/24/2022,1019,1020,1002,1007,8673
8/25/2022,1015,1025,1008,1013,7838
8/26/2022,1001,1009,1000,1009,2302
8/28/2022,1001,1008,985.1,988,10477
8/29/2022,993,1000,988,998,4224
8/30/2022,1000,1007.9,992,993,3321
8/31/2022,981,996,971,972,9532
9/1/2022,974,1000,962,990,7376
9/2/2022,990,996,982,985,4715
9/4/2022,1004,1004,985.1,987,5331
9/5/2022,1003,1004,991,996,3822
9/6/2022,993,996.9,987.3,993,6981
9/7/2022,993,994,980,981.1,3925
9/8/2022,985,986,966,975,3799
9/11/2022,975.1,990,970,972.5,2508
9/12/2022,971,971,960,966,3125
9/13/2022,984,984,966,970,2320
9/14/2022,989,994.9,980,986.4,4976
9/15/2022,1003.7,1003.7,952.1,952.1,8623
9/16/2022,945,960,935,950.1,2854
9/18/2022,946,948,926.5,928,5217
9/20/2022,920,920,892,893,7435
9/21/2022,905,909.5,892,905,3873
9/22/2022,905,905,889,889,4692
9/25/2022,890,900,875.2,877,5847
9/27/2022,885,893.9,875,885,5896
9/28/2022,880,901.5,880,894,1700
9/29/2022,902,908,895.1,907,4058
